{
  "mech_type": {
    "no_scale": null,
    "scale_sche_joint": null,
    "scale_sche_separated": null
  },
  "scale_num": {
    "no": null,
    "lass": null,
    "hpa": null,
    "temp_scaler": null,
    "rela": null,
    "full_placement": null,
    "ensure_scaler": null
  },
  "scale_down_exec": {
    "default": null
  },
  "scale_up_exec": {
    "no": null,
    "least_task": null
  },
  "sche": {
    "sche_nash": null,
    "sche_orion": null,
    "sche_jiagu": null,
    "bp_balance": null,
    "hash": null,
    "fnsche": null,
    "pos": null,
    "consistenthash": null,
    "sche_OCS": null,
    "load_least": null,
    "ensure_scheduler": null,
    "pass": null,
    "sche_Hiku": null,
    "sche_FaaSRank": null,
    "faasflow": null,
    "random": null,
    "greedy": null,
    "rotate": null
  },
  "filter": {
    "careful_down": null
  },
  "instance_cache_policy": {
    "no_evict": null,
    "lru": null,
    "fifo": null
  }
}